timestamp,open,high,low,close,volume
2026-04-28 23:00:00,160.0,163.45938236152114,162.72217030727103,163.30986191853214,400.21151225394533
2026-04-29 00:00:00,163.30986191853214,164.5562145198233,163.5793839829001,164.09472676939674,630.2780462263767
2026-04-29 01:00:00,164.09472676939674,163.49963646627194,162.88969765902252,163.26267152105862,289.45819695887945
2026-04-29 02:00:00,163.26267152105862,167.17194080143176,165.90415229192635,165.9560556659966,206.44240725499824
2026-04-29 03:00:00,165.9560556659966,165.92900708017726,165.09462190074592,165.4633737134807,350.40139538447966
2026-04-29 04:00:00,165.4633737134807,166.04099667540498,165.07280953310436,165.64654614928872,212.9188937867541
2026-04-29 05:00:00,165.64654614928872,165.006724855336,164.05448750246057,164.9588079341402,405.80358707518513
2026-04-29 06:00:00,164.9588079341402,167.30827166903003,166.7443851939214,167.28814160648824,295.24878803639064
2026-04-29 07:00:00,167.28814160648824,167.6810814146682,166.6431103548687,167.13558252987386,184.61848367345684
2026-04-29 08:00:00,167.13558252987386,167.89175257478934,167.31640657400837,167.3447355300641,807.8771931905287
2026-04-29 09:00:00,167.3447355300641,169.78851763094806,168.84680328023478,169.06244058806357,325.3740080773165
2026-04-29 10:00:00,169.06244058806357,170.20511984406988,169.08733813329724,169.9020004706675,209.54788448843607
2026-04-29 11:00:00,169.9020004706675,170.61021580039915,169.69191716001362,169.82013447785263,577.8236487810245
2026-04-29 12:00:00,169.82013447785263,171.45854158911115,171.12439752964315,171.42711103476145,301.43495502068237
2026-04-29 13:00:00,171.42711103476145,175.25055466309018,174.4535954925125,175.1627033067479,623.9476143457133
2026-04-29 14:00:00,175.1627033067479,177.1049166643175,174.52833532797845,175.63241572856182,300.85916537312715
2026-04-29 15:00:00,175.63241572856182,175.83373864343974,174.63487675117838,175.80329443169325,324.94012152539796
2026-04-29 16:00:00,175.80329443169325,176.70438274083054,175.7770176581121,176.0549311137439,463.0952163425414
2026-04-29 17:00:00,176.0549311137439,178.36474699732221,177.95896440495687,178.02334719368054,511.46939627978315
2026-04-29 18:00:00,178.02334719368054,178.7938618813893,176.45653051314727,177.11540485694218,548.6131207118992
2026-04-29 19:00:00,177.11540485694218,177.6328810586068,176.20469370806995,176.6933643980516,389.2039676014693
2026-04-29 20:00:00,176.6933643980516,175.46974719965957,174.34724108903933,174.39582302221646,498.4217910968199
2026-04-29 21:00:00,174.39582302221646,174.70080001270006,172.2229590173811,172.6462466227093,543.6205269912098
2026-04-29 22:00:00,172.6462466227093,172.43845114383177,171.75099263230925,171.88461071967257,437.12869811202705
2026-04-29 23:00:00,171.88461071967257,171.91853444408963,171.22475693435487,171.79946909970715,381.05234521074715
2026-04-30 00:00:00,171.79946909970715,175.120618352324,174.31430325054274,174.39888665429837,226.30463197120469
2026-04-30 01:00:00,174.39888665429837,175.60813399091097,174.25160301144265,175.19174615995934,512.689122632372
2026-04-30 02:00:00,175.19174615995934,173.91487602430314,173.43678012848866,173.83531736082264,410.29215522446907
2026-04-30 03:00:00,173.83531736082264,173.23509893241103,172.07143804174945,172.7595191886316,341.9120906232798
2026-04-30 04:00:00,172.7595191886316,175.08226239163284,174.10451955372463,174.78662229133562,672.5702355059724
2026-04-30 05:00:00,174.78662229133562,176.9538385293915,176.21108875143526,176.4649224111861,227.8907954377584
2026-04-30 06:00:00,176.4649224111861,177.0189136768995,175.70657156011404,176.5036208650204,778.6911723665557
2026-04-30 07:00:00,176.5036208650204,176.14642957304406,174.99849068125516,175.83743721512363,399.8504845258542
2026-04-30 08:00:00,175.83743721512363,177.62719565849764,177.01193633336766,177.5232959558503,458.0632483442298
2026-04-30 09:00:00,177.5232959558503,177.46921501920784,175.7422229497604,176.02720633634135,344.4615090068843
2026-04-30 10:00:00,176.02720633634135,177.70375825458183,175.73264818378908,176.61122059537618,207.09359378969214
2026-04-30 11:00:00,176.61122059537618,180.93040568094065,178.7771632632813,180.05249087562612,381.5172403322622
2026-04-30 12:00:00,180.05249087562612,181.04028122351403,180.3317348339474,180.36344384484295,461.2305206256829
2026-04-30 13:00:00,180.36344384484295,179.49027298500852,177.77526333872405,179.1746927509139,528.7364896586482
2026-04-30 14:00:00,179.1746927509139,179.9644728789429,179.57582970310565,179.7971733890866,372.70481313076857
2026-04-30 15:00:00,179.7971733890866,179.88748034893067,178.24047597326953,179.07672171415783,167.83545476472742
2026-04-30 16:00:00,179.07672171415783,177.52982852086052,176.25503955077573,176.9636496491467,217.74735357715878
2026-04-30 17:00:00,176.9636496491467,178.82870471742845,177.6998160179449,178.0177293634088,916.7252870943718
2026-04-30 18:00:00,178.0177293634088,180.17833088565135,177.92510286703768,179.71364821436228,260.59972423333244
2026-04-30 19:00:00,179.71364821436228,179.39548362621034,178.3813858234829,179.23575999734723,713.954891587623
2026-04-30 20:00:00,179.23575999734723,179.49312292654332,178.3040403599693,178.6583871873214,277.6511043121312
2026-04-30 21:00:00,178.6583871873214,177.8929767110613,176.21216388132822,177.2005647309133,375.03435537554213
2026-04-30 22:00:00,177.2005647309133,177.25420731631965,176.65021456197547,176.97133539373607,518.0559789232187
2026-04-30 23:00:00,176.97133539373607,177.0753163132531,175.44537738249676,176.12388531848964,290.5925811439659
2026-05-01 00:00:00,176.12388531848964,176.35413337107633,174.2412755207608,174.61330852505486,762.7162343440406
2026-05-01 01:00:00,174.61330852505486,177.6598923942746,176.71013696748673,177.4408472594767,415.83616278515166
2026-05-01 02:00:00,177.4408472594767,178.3737830158287,177.78325875031246,178.14226763619462,485.09286096617666
2026-05-01 03:00:00,178.14226763619462,179.8844656861535,178.2727527102727,179.00752532129613,362.47561272575393
2026-05-01 04:00:00,179.00752532129613,181.55760186824912,180.27554609442922,180.35312636630923,525.0471745323232
2026-05-01 05:00:00,180.35312636630923,182.65422728175412,181.45661162613112,181.53537713151638,758.6322159113984
2026-05-01 06:00:00,181.53537713151638,181.98034063410455,180.66016516899808,180.8954274550966,382.7896512842567
2026-05-01 07:00:00,180.8954274550966,182.2140513487472,180.02115041368583,181.31136695478534,805.8399231754638
2026-05-01 08:00:00,181.31136695478534,181.77097113250036,180.34053123056177,180.89360732685032,315.87977320423454
2026-05-01 09:00:00,180.89360732685032,181.74620089293515,180.49171002794483,181.5654136260238,547.651105690545
2026-05-01 10:00:00,181.5654136260238,182.33612616750216,181.28407566403422,182.08987192054377,490.60814533890806
2026-05-01 11:00:00,182.08987192054377,182.69702700022486,181.43879917681227,181.49493640863346,263.1086779390508
2026-05-01 12:00:00,181.49493640863346,179.94781455585712,178.54984995477497,179.45217099963776,439.4499722462189
2026-05-01 13:00:00,179.45217099963776,180.19057308444286,178.80786791568116,179.67177795764556,404.6191988899654
2026-05-01 14:00:00,179.67177795764556,180.15995818109292,179.03615109915327,179.35649903635482,286.782224905906
2026-05-01 15:00:00,179.35649903635482,176.81920435777397,176.07771191972452,176.49406960341287,465.5413740636995
2026-05-01 16:00:00,176.49406960341287,177.2835828109273,176.9364778176388,177.25376402374593,427.7401215148838
2026-05-01 17:00:00,177.25376402374593,178.73372275336482,178.30051804882535,178.71061270991302,391.8837427072639
2026-05-01 18:00:00,178.71061270991302,183.8990947154284,182.11122362305147,182.58920330833362,392.51274670494433
2026-05-01 19:00:00,182.58920330833362,184.17147081446703,180.5389553755365,181.979430248867,389.16207279750563
2026-05-01 20:00:00,181.979430248867,181.8811359424882,180.78127388972567,181.1444191474086,348.24983940160826
2026-05-01 21:00:00,181.1444191474086,179.44487873345852,179.0087368865738,179.44065316054764,426.6370441261494
2026-05-01 22:00:00,179.44065316054764,180.58490401530358,179.24207019679736,179.75557050348354,311.82256217499895
2026-05-01 23:00:00,179.75557050348354,180.25904410543114,178.94333355705973,180.06136166550746,1167.6212010156273
2026-05-02 00:00:00,180.06136166550746,178.91616597473353,178.47058573716308,178.82035027054314,229.58347797429028
2026-05-02 01:00:00,178.82035027054314,179.0501680210375,177.77952810125774,178.5510880970449,319.2918481788446
2026-05-02 02:00:00,178.5510880970449,175.61780395639585,175.12954244018488,175.56969909907824,329.54178464186367
2026-05-02 03:00:00,175.56969909907824,177.42649129169578,175.32818970522055,176.95408856425212,912.5084682885603
2026-05-02 04:00:00,176.95408856425212,175.97169657039754,175.60595572284345,175.79517494099065,237.92277352030496
2026-05-02 05:00:00,175.79517494099065,176.07837082424282,175.18705020339885,175.7398821703643,478.36255066720815
2026-05-02 06:00:00,175.7398821703643,173.74041515728828,172.76763695530576,173.61810104957542,445.57145462226464
2026-05-02 07:00:00,173.61810104957542,172.76281873979207,172.06155658630047,172.7573588344671,461.0197675843344
2026-05-02 08:00:00,172.7573588344671,173.61855398974467,172.01612003237577,172.34383724408175,661.5180469513881
2026-05-02 09:00:00,172.34383724408175,172.66188249129473,171.40907501888023,172.3238513091925,656.1121560368558
2026-05-02 10:00:00,172.3238513091925,173.35616057923525,172.9930656278723,173.02451493615254,336.84310878823356
2026-05-02 11:00:00,173.02451493615254,176.08954248265718,173.98803259418963,175.15046902745428,435.98462536265674
2026-05-02 12:00:00,175.15046902745428,176.68390667065816,175.83373094142482,176.2411928000458,191.39879573801176
2026-05-02 13:00:00,176.2411928000458,178.56850835688138,177.38552441039593,177.68491994657612,419.74072675504334
2026-05-02 14:00:00,177.68491994657612,180.65178083010701,178.70168958279706,179.87888333788584,293.65459474775116
2026-05-02 15:00:00,179.87888333788584,181.03373949260993,180.28278613204884,180.74844736784684,374.44578630805887
2026-05-02 16:00:00,180.74844736784684,181.64256287761214,179.88118317570525,180.6884468266448,205.58328961233468
2026-05-02 17:00:00,180.6884468266448,182.7875028443238,180.86599065241145,182.24131421041292,474.3516454512558
2026-05-02 18:00:00,182.24131421041292,184.88603887928645,183.24228262264685,183.90738528173304,204.66459591931041
2026-05-02 19:00:00,183.90738528173304,186.0893687798413,184.76848463630878,184.92033295486053,428.08160475231955
2026-05-02 20:00:00,184.92033295486053,183.53556530360672,182.34267422105418,182.64434009970844,247.00232827323512
2026-05-02 21:00:00,182.64434009970844,181.69221690101804,180.67827795195555,181.33902648952125,287.1898760256393
2026-05-02 22:00:00,181.33902648952125,180.97083271808825,180.70442403248697,180.9122476143798,640.2718431021767
2026-05-02 23:00:00,180.9122476143798,182.56469521871963,181.93736949021184,182.1114518706916,510.3859368030644
2026-05-03 00:00:00,182.1114518706916,183.43654266347806,181.88513256122673,182.07477020380136,638.8573915569909
2026-05-03 01:00:00,182.07477020380136,185.0915300622621,183.8008439505152,183.83908030422006,752.868707223477
2026-05-03 02:00:00,183.83908030422006,186.288970275309,185.84581936522505,185.9021244788374,296.1495363541776
2026-05-03 03:00:00,185.9021244788374,189.35859897682158,187.67214592175714,187.80294941184067,734.7928810241614
2026-05-03 04:00:00,187.80294941184067,190.09376584656067,189.25060904217406,189.73348302724503,224.48249649508617
2026-05-03 05:00:00,189.73348302724503,188.19423066440072,187.6209399490212,188.0646747555578,543.7231129967106
2026-05-03 06:00:00,188.0646747555578,189.16759002736563,188.73882777310976,188.83399959008278,331.18095378178157
2026-05-03 07:00:00,188.83399959008278,187.97076469951415,187.82188342691686,187.85761769830634,278.07196384528345
2026-05-03 08:00:00,187.85761769830634,185.5270175353066,184.89357850451037,185.23906968923853,515.8355158448447
2026-05-03 09:00:00,185.23906968923853,185.44656000636834,184.52889482299295,184.7832940180356,588.7376156191975
2026-05-03 10:00:00,184.7832940180356,187.0985362981263,185.43072915650723,186.87202401106663,581.7887181914203
2026-05-03 11:00:00,186.87202401106663,188.11742574705588,187.01914954201462,187.60155511807818,439.63461240185853
2026-05-03 12:00:00,187.60155511807818,190.87371191499938,190.61607073720776,190.84311550570226,425.2949467311484
2026-05-03 13:00:00,190.84311550570226,191.43825066804757,190.4315927735367,191.12700638802374,498.0729908616831
2026-05-03 14:00:00,191.12700638802374,196.56643375539934,193.79023497513032,195.14141197939662,455.55006835391987
2026-05-03 15:00:00,195.14141197939662,196.08529040967412,195.41651397624318,195.43218037652656,500.9680546280262
2026-05-03 16:00:00,195.43218037652656,196.47458571991157,195.31877058975397,195.46561826614578,437.7289067707972
2026-05-03 17:00:00,195.46561826614578,193.84936775407513,192.95053105252907,193.34761494816212,565.1626296418726
2026-05-03 18:00:00,193.34761494816212,195.61232471245077,195.16442398585386,195.17751267018568,210.4223870179533
2026-05-03 19:00:00,195.17751267018568,194.53678423342967,193.33862616543172,194.34237093346695,382.7915595010634
2026-05-03 20:00:00,194.34237093346695,193.39050660795323,193.13308567660667,193.2725748238206,231.93598397817726
2026-05-03 21:00:00,193.2725748238206,196.2220473304692,194.60691837311796,195.38499727751628,450.6454133254579
2026-05-03 22:00:00,195.38499727751628,198.37568780747813,197.0814685208118,197.31409497920993,778.0354357218567
2026-05-03 23:00:00,197.31409497920993,199.96582986937244,197.05049681083418,199.21791710764376,333.74128173175086
2026-05-04 00:00:00,199.21791710764376,198.85958040661552,197.64947232756887,198.60157096689233,424.49524832959133
2026-05-04 01:00:00,198.60157096689233,199.0529609881205,197.27648942253396,198.51156629742724,545.9867379432344
2026-05-04 02:00:00,198.51156629742724,198.59458344874668,197.70641381946973,198.4066285950916,176.42764117373576
2026-05-04 03:00:00,198.4066285950916,200.3377331217024,198.6070639643942,199.7267153890271,327.39120687609466
2026-05-04 04:00:00,199.7267153890271,203.53385506747492,201.1840242166307,202.37761000071916,466.755825677207
2026-05-04 05:00:00,202.37761000071916,203.13350490521194,202.42718866817498,203.00783096647618,126.6214731842948
2026-05-04 06:00:00,203.00783096647618,206.49119288823366,206.0429376368648,206.44027155802144,272.9467176710414
2026-05-04 07:00:00,206.44027155802144,208.56781785945066,207.0994721162199,208.01647457787254,626.6218128485096
2026-05-04 08:00:00,208.01647457787254,208.1520424136798,206.58581742269482,207.59757838594845,602.5669383445095
2026-05-04 09:00:00,207.59757838594845,211.2820970491817,209.00351746906145,209.06088668046198,468.58958073595534
2026-05-04 10:00:00,209.06088668046198,213.0853339983895,209.86193306443923,212.110215865756,574.143322533705
2026-05-04 11:00:00,212.110215865756,215.7954357829998,215.40470565702338,215.73946132990147,439.67758360215265
2026-05-04 12:00:00,215.73946132990147,217.98179053220713,216.09538358921736,217.9226228058023,503.7892183209995
2026-05-04 13:00:00,217.9226228058023,219.52557460432277,217.8205816897245,217.96582651178386,355.5758245820348
2026-05-04 14:00:00,217.96582651178386,218.09920088045942,216.3250223655737,217.56037511000912,422.55730602802095
2026-05-04 15:00:00,217.56037511000912,218.69967315027438,217.04743521820473,218.62391915627853,313.26574172723053
2026-05-04 16:00:00,218.62391915627853,221.78299995806904,220.78839573992883,221.7524728637357,668.7386577368727
2026-05-04 17:00:00,221.7524728637357,223.61159878656227,222.10837560099625,222.5671403011775,741.4618895276811
2026-05-04 18:00:00,222.5671403011775,223.9845689522164,222.44335933089124,223.42422782078182,700.619623741344
2026-05-04 19:00:00,223.42422782078182,223.65065115381577,222.34900430743778,223.5173887236726,342.6660971489219
2026-05-04 20:00:00,223.5173887236726,223.9226777012779,222.25893553215064,222.89083866362304,275.4732104871897
2026-05-04 21:00:00,222.89083866362304,223.9216550633427,222.39342000785726,222.57942308200649,672.3570099779387
2026-05-04 22:00:00,222.57942308200649,223.20303926055155,222.78173711121707,222.8313297552982,501.4795761436371
2026-05-04 23:00:00,222.8313297552982,226.7847724056163,225.57036527633247,226.1048809056473,460.09534355760354
2026-05-05 00:00:00,226.1048809056473,225.74989221237138,223.85895392271857,225.64013322632064,313.1076828448672
2026-05-05 01:00:00,225.64013322632064,226.22549679756224,224.50204988936895,225.73654788094018,478.3130933396421
2026-05-05 02:00:00,225.73654788094018,224.31647283633077,223.74525270029,224.07770563176524,261.3573887240976
2026-05-05 03:00:00,224.07770563176524,225.9543934675191,224.9321917015787,225.4423012481583,519.8939988507417
2026-05-05 04:00:00,225.4423012481583,228.706113728944,227.47026205989565,228.07192253488165,700.3321201228547
2026-05-05 05:00:00,228.07192253488165,231.57153031364425,229.891242538208,231.23841101699702,774.6553475210469
2026-05-05 06:00:00,231.23841101699702,231.986326656341,231.53061612197834,231.63384233040122,535.6117875218008
2026-05-05 07:00:00,231.63384233040122,233.21166711716128,230.66199989749427,232.76279097089727,232.10535388254462
2026-05-05 08:00:00,232.76279097089727,233.7744810946317,232.3981050021457,232.45454318862312,436.56271955917924
2026-05-05 09:00:00,232.45454318862312,233.57255795453747,233.29633822957547,233.49551086869596,949.440342292767
2026-05-05 10:00:00,233.49551086869596,234.2951062195706,233.08571409647618,234.11479109763286,285.01886293721554
2026-05-05 11:00:00,234.11479109763286,234.54626829607523,234.07925879007567,234.22607996080507,393.9907259551128
2026-05-05 12:00:00,234.22607996080507,234.69390372205737,234.13601387263745,234.49580743737886,710.1027946270157
2026-05-05 13:00:00,234.49580743737886,236.14192836814294,234.05028809715074,235.39360981883618,516.3854944538596
2026-05-05 14:00:00,235.39360981883618,235.50119073685912,234.13101738417413,234.80109528664474,1087.9631200125073
2026-05-05 15:00:00,234.80109528664474,234.86335367292847,233.75155568553006,234.31293007595366,300.9223465882876
2026-05-05 16:00:00,234.31293007595366,237.97661987382912,237.3228623007758,237.73345452267984,271.53680332272967
2026-05-05 17:00:00,237.73345452267984,243.8556858248491,242.7912108728021,243.26946894252728,658.29303513084
2026-05-05 18:00:00,243.26946894252728,241.85526389588003,239.522657977679,240.7869784007181,250.04691210822602
2026-05-05 19:00:00,240.7869784007181,238.81874457449555,238.17679201749965,238.21821666163342,372.8934807537608
2026-05-05 20:00:00,238.21821666163342,236.302990753279,236.20382570808732,236.28325805215442,392.973186598202
2026-05-05 21:00:00,236.28325805215442,236.86006522196317,235.62909100434214,236.07118237067752,610.5717354023257
2026-05-05 22:00:00,236.07118237067752,237.9678721608882,237.40282756670183,237.8707631247001,515.7938587994395
2026-05-05 23:00:00,237.8707631247001,240.04537305360344,237.69350661893168,239.06444599877997,484.3588054653721
2026-05-06 00:00:00,239.06444599877997,241.09953214526863,238.75029684741912,239.40948896316235,343.4452288873693
2026-05-06 01:00:00,239.40948896316235,241.32095408175195,239.78146048772402,240.48347614439382,655.8955853704285
2026-05-06 02:00:00,240.48347614439382,239.55017184527406,238.45219390317527,239.068147816177,2018.9434663244292
2026-05-06 03:00:00,239.068147816177,239.4164934039086,237.16836767843427,238.56781392637075,531.9304988612946
2026-05-06 04:00:00,238.56781392637075,239.63115312812295,237.63415967646822,238.52229865640865,419.83798338865813
2026-05-06 05:00:00,238.52229865640865,235.75031344834193,235.12220173198318,235.3272179624587,240.05181877600612
2026-05-06 06:00:00,235.3272179624587,234.3726048410353,232.29221706149178,233.01103798088275,312.625947591369
2026-05-06 07:00:00,233.01103798088275,231.19097776294936,229.751425626227,230.79561013281148,370.37496315781874
2026-05-06 08:00:00,230.79561013281148,232.50765729118174,230.4465304250509,232.29484168622173,325.75967097313327
2026-05-06 09:00:00,232.29484168622173,233.835305862275,231.4430327402796,232.77514651348554,400.8426138858148
2026-05-06 10:00:00,232.77514651348554,235.78300571875238,233.7275552038848,233.98265095615116,821.5611984806624
2026-05-06 11:00:00,233.98265095615116,232.2732199986043,230.2797325476191,230.34769941408956,664.3882994931909
2026-05-06 12:00:00,230.34769941408956,229.81931996456657,226.68999328184577,227.4566309772813,378.5949550513614
2026-05-06 13:00:00,227.4566309772813,231.36885421323808,228.66119952053833,228.73792557559364,248.80961910957785
2026-05-06 14:00:00,228.73792557559364,223.48683965106116,222.98237480483849,223.39426758581394,688.7973164731072
2026-05-06 15:00:00,223.39426758581394,226.41700235162278,224.6810550859072,225.72728700884315,395.5899878336447
2026-05-06 16:00:00,225.72728700884315,222.50154104612946,222.09877930423758,222.25144593319453,202.22882023924447
2026-05-06 17:00:00,222.25144593319453,224.2439158288728,223.1834363591284,223.845887276065,536.4492952738548
2026-05-06 18:00:00,223.845887276065,222.92354857616462,221.96524395896904,222.15711183466394,608.0606763975999
2026-05-06 19:00:00,222.15711183466394,224.2494014477726,222.80654810692016,224.1421668805609,152.87745274904935
2026-05-06 20:00:00,224.1421668805609,231.22558053372876,230.24512917005973,230.33387617841515,290.0862066587765
2026-05-06 21:00:00,230.33387617841515,226.08689156487878,224.73516006081832,225.92156511507886,385.9926761101461
2026-05-06 22:00:00,225.92156511507886,227.7535289733684,227.1519027075488,227.25633007336373,541.2083714690973
2026-05-06 23:00:00,227.25633007336373,224.91159369578222,223.07708264047463,223.78576874967504,328.2256621388589
2026-05-07 00:00:00,223.78576874967504,226.1659160727725,224.2299479393445,224.59454189257755,289.2071574779154
2026-05-07 01:00:00,224.59454189257755,226.09441374437358,222.91662787438685,224.19566547635844,539.6213553831536
2026-05-07 02:00:00,224.19566547635844,225.05142232428008,224.42461097074715,224.4386345155072,334.511430430269
2026-05-07 03:00:00,224.4386345155072,222.8316544147997,222.15987122386278,222.7016522819851,501.10810698855755
2026-05-07 04:00:00,222.7016522819851,224.55862208117327,223.3148933725534,224.17961718853462,258.62877645545683
2026-05-07 05:00:00,224.17961718853462,221.9480211116074,220.713074624643,221.43222292724295,234.87813197843596
2026-05-07 06:00:00,221.43222292724295,225.46311681422893,223.76021810442978,223.7771002140474,545.7208946178031
2026-05-07 07:00:00,223.7771002140474,223.54517678177507,222.82103362271897,222.9955554378721,446.30740529046454
2026-05-07 08:00:00,222.9955554378721,221.77010667819442,218.89933587767504,220.3481883875169,583.4637316820559
2026-05-07 09:00:00,220.3481883875169,224.66518399697767,221.94517208485343,223.35131440342226,326.02132705187904
2026-05-07 10:00:00,223.35131440342226,223.59752773289833,222.354691876224,223.2190374670884,293.52355130853823
2026-05-07 11:00:00,223.2190374670884,227.12210213406817,224.15950177650512,226.8634797866464,695.2611671272495
2026-05-07 12:00:00,226.8634797866464,230.9038978085771,228.96029757325638,229.22635222362086,219.38243697850086
2026-05-07 13:00:00,229.22635222362086,228.46473472876718,225.84219932188753,227.67193576205017,665.5303779978885
2026-05-07 14:00:00,227.67193576205017,228.5533217252572,226.9397112878093,227.50297181539287,684.166892670544
2026-05-07 15:00:00,227.50297181539287,229.17790987244186,225.0527062966924,227.7325977356729,569.0884132973556
2026-05-07 16:00:00,227.7325977356729,232.4868366989891,230.46551998564294,230.7017385012625,306.39557418488823
2026-05-07 17:00:00,230.7017385012625,231.80097168123027,230.75973946834114,231.55666145458514,291.01955531529677
2026-05-07 18:00:00,231.55666145458514,232.3319073353504,231.00075942932295,231.89926824046552,370.9167673975827
2026-05-07 19:00:00,231.89926824046552,232.71306848212095,231.03784580916292,231.50098127127654,240.32306666898853
2026-05-07 20:00:00,231.50098127127654,232.01023687251464,230.48853515783227,231.39689063100806,274.6018967139745
2026-05-07 21:00:00,231.39689063100806,234.46785266375431,232.23207419701907,233.97245861251875,522.1180525393833
2026-05-07 22:00:00,233.97245861251875,235.05628894772468,232.66098526782605,233.97514825411275,523.0827355331872
2026-05-07 23:00:00,233.97514825411275,233.4729786158626,232.96016402249265,233.18623563468307,265.11669018510304
2026-05-08 00:00:00,233.18623563468307,232.52473128974998,231.32336317038144,232.06537434957653,528.7145980730609
2026-05-08 01:00:00,232.06537434957653,231.2901742138072,230.68252146708429,230.97098906092168,483.82405712735886
2026-05-08 02:00:00,230.97098906092168,229.15126112105597,227.00428273649646,228.2300926093377,738.0078798380798
2026-05-08 03:00:00,228.2300926093377,227.5313675103856,226.56794110943852,226.77449464741892,506.56597747080446
2026-05-08 04:00:00,226.77449464741892,231.3703039132324,229.53103258213596,229.67670287473283,616.1142526977111
2026-05-08 05:00:00,229.67670287473283,230.56026750734367,228.7340097388995,229.26913757054217,488.251692577852
2026-05-08 06:00:00,229.26913757054217,232.22487796580003,230.44495456762374,230.6413913509952,597.0325555879331
2026-05-08 07:00:00,230.6413913509952,226.80384397968095,225.6298526891437,225.82822761327608,241.08586042661952
2026-05-08 08:00:00,225.82822761327608,226.91820175065948,225.5224083751393,226.9172245910204,384.2533947626611
2026-05-08 09:00:00,226.9172245910204,227.07377620050946,226.12729548360568,226.60168931401998,397.1868769424726
2026-05-08 10:00:00,226.60168931401998,226.00143397527512,225.35442647495248,225.67176209157893,365.95121099593086
2026-05-08 11:00:00,225.67176209157893,226.78438149428067,225.85460001723385,226.0146280490162,481.81231590295243
2026-05-08 12:00:00,226.0146280490162,226.49417849632485,224.05692099610826,225.05958928365587,519.9599876553606
2026-05-08 13:00:00,225.05958928365587,222.14698206315893,220.3528194328638,221.02863683935425,471.96405632330885
2026-05-08 14:00:00,221.02863683935425,223.1469537588153,221.4844300850017,222.7636578294917,375.8621476262037
2026-05-08 15:00:00,222.7636578294917,223.39462058439108,221.84946961144618,223.21982055924155,300.57820450756566
2026-05-08 16:00:00,223.21982055924155,223.36045055348683,221.90826035458244,222.62049765037787,625.7021315496512
2026-05-08 17:00:00,222.62049765037787,221.72573191224882,219.87508608359897,220.79528098527592,464.0039785476021
2026-05-08 18:00:00,220.79528098527592,219.11180027122163,216.02345053581527,218.04951127408611,268.42041301027393
2026-05-08 19:00:00,218.04951127408611,218.8667726041917,217.4588525575025,218.46050454116735,373.3532354122674
2026-05-08 20:00:00,218.46050454116735,221.70767852264794,221.36789273997252,221.4727349451739,200.87445861435725
2026-05-08 21:00:00,221.4727349451739,223.65368061190995,221.14847069903666,221.85109291071484,409.17717204866085
2026-05-08 22:00:00,221.85109291071484,219.29764449389063,218.16088839789214,219.25445065761065,372.6531234285744
2026-05-08 23:00:00,219.25445065761065,221.08535781109916,218.86565132212155,219.67000054139424,320.6060849439265
2026-05-09 00:00:00,219.67000054139424,220.6129476691519,219.1702271750676,219.56603004129394,760.3965518273656
2026-05-09 01:00:00,219.56603004129394,221.7301990353159,220.68671185812934,221.18011693479906,254.0518429218188
2026-05-09 02:00:00,221.18011693479906,223.63913926086298,221.2670986837799,222.31929411443585,535.1554046369417
2026-05-09 03:00:00,222.31929411443585,217.1671840860704,216.64275717939,216.74360665002214,967.4688851864134
2026-05-09 04:00:00,216.74360665002214,219.89069052912424,216.73818368097068,217.7460939933559,620.7368011941542
2026-05-09 05:00:00,217.7460939933559,216.9110066770171,215.69868979025065,215.89239290558655,398.3713008755935
2026-05-09 06:00:00,215.89239290558655,213.48845221052198,212.1640387542777,213.29483452920346,256.3061284268507
2026-05-09 07:00:00,213.29483452920346,214.6065344389411,211.9231970968163,212.9491456246822,233.96584177136495
2026-05-09 08:00:00,212.9491456246822,215.25845839015176,213.68303030957324,213.6900581313859,342.19451134727257
2026-05-09 09:00:00,213.6900581313859,211.54863450618774,208.63359945976612,210.72635467602294,306.4944680492525
2026-05-09 10:00:00,210.72635467602294,212.0784737547388,210.99167638293272,211.98792045269954,302.53023909242853
2026-05-09 11:00:00,211.98792045269954,213.66377832195332,212.67139554828145,213.36358327947715,354.0629130457215
2026-05-09 12:00:00,213.36358327947715,214.6871656983222,212.03823304465035,213.44452693906786,387.26188238654817
2026-05-09 13:00:00,213.44452693906786,212.40841340970232,211.5777964537289,211.8719687118357,489.84292527855814
2026-05-09 14:00:00,211.8719687118357,210.71508671434995,209.80906014968892,210.1113142276658,245.88931907192512
2026-05-09 15:00:00,210.1113142276658,213.5553477960164,210.62359276897084,211.94734711300794,307.07821328695906
2026-05-09 16:00:00,211.94734711300794,210.13444724073156,208.72668389354604,209.23802683692963,378.4678644408115
2026-05-09 17:00:00,209.23802683692963,211.66849803119237,210.5581617922009,211.1355801830922,373.08486826763135
2026-05-09 18:00:00,211.1355801830922,211.73460664766878,210.78810243806237,210.83509642306564,840.9813493434351
2026-05-09 19:00:00,210.83509642306564,211.88442090129845,210.3450353274193,210.6592082831043,442.7027878462638
2026-05-09 20:00:00,210.6592082831043,208.918586794548,207.48254002112964,207.61864421914072,211.5717268881455
2026-05-09 21:00:00,207.61864421914072,208.04151436849597,206.4310588181449,207.3557390273099,476.88365182894313
2026-05-09 22:00:00,207.3557390273099,209.74711955841494,207.72793093681273,208.4358544042367,501.8320435449943
2026-05-09 23:00:00,208.4358544042367,206.5372792926961,205.97216555794847,206.07740598511737,383.7336870577534
2026-05-10 00:00:00,206.07740598511737,207.2387200037354,206.5569815173635,206.94856006692726,248.30090324806474
2026-05-10 01:00:00,206.94856006692726,207.37115458729986,206.74877868518496,207.10105539385765,815.0275188454683
2026-05-10 02:00:00,207.10105539385765,206.54511578905013,205.23174237266315,205.96678990301558,262.9717033508528
2026-05-10 03:00:00,205.96678990301558,207.47802107820934,207.333039877706,207.46438014126477,525.4782932253748
2026-05-10 04:00:00,207.46438014126477,203.93236751334996,202.93023572817998,203.6128670618085,437.038027878106
2026-05-10 05:00:00,203.6128670618085,204.81372772020742,204.04121012955687,204.20967135804094,513.0248166885461
2026-05-10 06:00:00,204.20967135804094,207.1626347651254,206.70475386591548,207.0359533028785,798.5065493333333
2026-05-10 07:00:00,207.0359533028785,210.2924460428218,209.0180682315202,209.58135269080196,505.0490477701432
2026-05-10 08:00:00,209.58135269080196,210.808757385434,209.70902192091538,210.2727167613691,322.6390832576443
2026-05-10 09:00:00,210.2727167613691,209.78704712805794,208.63864441747222,209.73001335031879,627.9100414138411
2026-05-10 10:00:00,209.73001335031879,209.0288838980399,208.03205068514197,208.59545018103722,313.42503854509147
2026-05-10 11:00:00,208.59545018103722,208.456191889066,207.15033415078423,208.05487392772037,430.70491539095525
2026-05-10 12:00:00,208.05487392772037,210.08870170837884,208.8539613789231,209.0146245573247,240.51117563276068
2026-05-10 13:00:00,209.0146245573247,209.11193023700727,205.48701993766417,207.58121301630746,266.85021515733104
2026-05-10 14:00:00,207.58121301630746,210.29101212950474,208.40817323333764,208.9177750168073,411.8069485991912
2026-05-10 15:00:00,208.9177750168073,213.5351951570762,211.86724729951712,212.73613990213587,467.4230253116403
2026-05-10 16:00:00,212.73613990213587,212.9704554148342,212.50693013704634,212.6200160796536,204.1885335103675
2026-05-10 17:00:00,212.6200160796536,210.46824617124724,210.0946199026167,210.1999571645968,492.2146723282419
2026-05-10 18:00:00,210.1999571645968,209.02766802071193,205.14282084076896,207.80682543815885,290.6815707262514
2026-05-10 19:00:00,207.80682543815885,209.4934302376401,208.83015425406666,209.17887172346911,673.0874126440832
2026-05-10 20:00:00,209.17887172346911,209.63053937395813,208.76791859165115,209.0684873557888,350.44866321938747
2026-05-10 21:00:00,209.0684873557888,212.30426521186638,210.2117827523525,210.62829641097028,257.3793565802708
2026-05-10 22:00:00,210.62829641097028,209.71336506706504,208.81332306063155,209.6708794259749,415.84883764639983
2026-05-10 23:00:00,209.6708794259749,212.73921339525478,210.96354914743563,211.15223382178817,279.64082156247713
2026-05-11 00:00:00,211.15223382178817,212.1172933803902,210.71563698489615,210.8640931513892,670.2012608283671
2026-05-11 01:00:00,210.8640931513892,210.0125723936905,208.3647077822131,209.55108103364864,403.51436296048144
2026-05-11 02:00:00,209.55108103364864,210.67204485060697,208.6523461896083,208.83386804213305,379.6802118900632
2026-05-11 03:00:00,208.83386804213305,206.74176797201991,205.60728475022285,206.71563071024835,511.17929912418975
2026-05-11 04:00:00,206.71563071024835,210.47250572273526,208.58553389031263,210.23661622546376,269.89176933497055
2026-05-11 05:00:00,210.23661622546376,211.1027677313121,209.09144966460033,210.06025012675104,240.88955197146373
2026-05-11 06:00:00,210.06025012675104,212.18152858496123,209.85571208020966,211.20997159040328,475.0122683358875
2026-05-11 07:00:00,211.20997159040328,210.93226788503796,210.00237293126506,210.24412952451993,259.85706160857575
2026-05-11 08:00:00,210.24412952451993,208.4524266774175,208.17375152805744,208.3684674419805,259.82178105470047
2026-05-11 09:00:00,208.3684674419805,209.04152684842248,207.49666398167892,207.9504866117462,563.8015977034073
2026-05-11 10:00:00,207.9504866117462,211.29075059666198,208.30455142096235,209.90187146317868,497.71401449814687
2026-05-11 11:00:00,209.90187146317868,209.99635614059173,208.1392873998041,208.97067320694035,244.3173959410104
2026-05-11 12:00:00,208.97067320694035,207.45379225456338,205.5110247923286,207.425948394182,314.928485478525
2026-05-11 13:00:00,207.425948394182,208.7148547026935,207.20635770469028,207.69607782233055,281.0429143054526
2026-05-11 14:00:00,207.69607782233055,209.9362538115569,208.52634720855343,208.57476017267285,821.0037846248063
2026-05-11 15:00:00,208.57476017267285,211.83247502400337,211.29635778478146,211.5035426333157,579.6382320140519
2026-05-11 16:00:00,211.5035426333157,213.1326519512906,211.4812528358464,212.13622253603742,340.9248465340069
2026-05-11 17:00:00,212.13622253603742,214.89373785731902,211.63023146937266,213.2963610779552,507.99818550796937
2026-05-11 18:00:00,213.2963610779552,215.18927613255363,213.86948573846814,214.60012329552035,234.51640097385967
2026-05-11 19:00:00,214.60012329552035,213.8166676298448,211.82669808508714,212.50292946486206,308.2593701655466
2026-05-11 20:00:00,212.50292946486206,211.32367077485821,210.07327416258642,210.76577617748393,420.7106504835755
2026-05-11 21:00:00,210.76577617748393,209.48938628574834,207.96775880823847,208.82870715357762,483.42312224641415
2026-05-11 22:00:00,208.82870715357762,206.8027154436283,205.40834706570064,206.47329747727804,388.00427197000096
2026-05-11 23:00:00,206.47329747727804,208.18415703428505,207.6040214387815,207.86992072493004,445.5036341253077
2026-05-12 00:00:00,207.86992072493004,209.0194657975809,208.23868376437113,208.37887323694306,416.27020638372795
2026-05-12 01:00:00,208.37887323694306,208.57330776477463,207.66440876533238,208.51555551745378,377.87711085020277
2026-05-12 02:00:00,208.51555551745378,205.63160438303194,203.85105085395193,203.96645720788538,358.36132428393574
2026-05-12 03:00:00,203.96645720788538,207.864635775898,206.85935880863977,207.55722985465576,340.1865184701477
2026-05-12 04:00:00,207.55722985465576,206.31792163208772,205.83061896937494,205.98138407461803,442.6480582732798
2026-05-12 05:00:00,205.98138407461803,210.99567982486724,209.21414195113962,209.6011008461686,475.4806730744441
2026-05-12 06:00:00,209.6011008461686,208.36832849346553,205.70840678771646,207.03081604670888,436.742452113885
2026-05-12 07:00:00,207.03081604670888,206.01898328774485,203.29664632250027,205.60199608705244,251.78138219075697
2026-05-12 08:00:00,205.60199608705244,202.68496010098187,201.46026371678659,201.7840411686194,270.5424072436186
2026-05-12 09:00:00,201.7840411686194,202.5080145813336,202.03114632702153,202.40205381571587,473.21636840122
2026-05-12 10:00:00,202.40205381571587,201.0334358800508,200.10704973663016,200.5122619422413,726.8130707043658
2026-05-12 11:00:00,200.5122619422413,199.25444867574956,198.24456492732062,198.68783016225808,428.7895266308381
2026-05-12 12:00:00,198.68783016225808,196.75701767322678,195.1360645503154,196.37940532275226,342.17853568238667
2026-05-12 13:00:00,196.37940532275226,198.59467042515638,197.29097202254104,197.67732854935556,441.304971670385
2026-05-12 14:00:00,197.67732854935556,199.51391493003695,198.51668481524263,198.87241503032345,256.02406167857595
2026-05-12 15:00:00,198.87241503032345,202.62288532237443,201.44479506695905,201.95517698923493,681.0101854288837
2026-05-12 16:00:00,201.95517698923493,201.11045195079268,199.31087967511647,200.77748808589024,434.691966734968
2026-05-12 17:00:00,200.77748808589024,201.4460802766694,200.87623068286936,201.14725163888195,308.6528290605543
2026-05-12 18:00:00,201.14725163888195,199.34149934444747,198.3985637384415,198.95086523735156,377.3910106762187
2026-05-12 19:00:00,198.95086523735156,198.4232607235366,197.11800898194662,198.3811249906762,326.74678305433116
2026-05-12 20:00:00,198.3811249906762,198.40629399643876,196.2011579792373,197.50420377007902,681.7533876248726
2026-05-12 21:00:00,197.50420377007902,198.4901065371985,197.92636974493655,198.28149117288248,372.0781691124336
2026-05-12 22:00:00,198.28149117288248,200.0365619692093,199.61390247751493,199.99900249682304,429.2958457766092
2026-05-12 23:00:00,199.99900249682304,202.1498931486225,199.01534697416668,201.68689011397674,507.49688991990104
2026-05-13 00:00:00,201.68689011397674,200.2900133751447,199.96655875844903,200.24318273084558,299.97326634261276
2026-05-13 01:00:00,200.24318273084558,202.06084717407938,200.8280920479303,201.9458351791851,435.9309182671754
2026-05-13 02:00:00,201.9458351791851,202.39492998576767,201.6980663420684,201.8661381091022,450.2370526628132
2026-05-13 03:00:00,201.8661381091022,201.41607547852527,200.47194083107863,201.3059160606141,216.6684861045112
2026-05-13 04:00:00,201.3059160606141,200.94834072773753,199.75657820192694,200.093223179792,446.338929713554
2026-05-13 05:00:00,200.093223179792,201.12445965942163,198.79844024521515,199.1391685198912,396.11127688783154
2026-05-13 06:00:00,199.1391685198912,203.01598935756954,201.602032157744,202.10625769487422,424.9563751059737
2026-05-13 07:00:00,202.10625769487422,202.8661811921523,201.4311280835994,202.6309975352106,409.2195812281246
2026-05-13 08:00:00,202.6309975352106,203.93878859893996,201.55446444756396,202.9279072991029,447.4961566471469
2026-05-13 09:00:00,202.9279072991029,204.17517411419394,202.21485479851523,202.4720153533431,688.7905890979916
2026-05-13 10:00:00,202.4720153533431,208.9685961484168,206.52341252916784,206.72150468184472,251.68971399249384
2026-05-13 11:00:00,206.72150468184472,209.37787573107943,208.35011973674702,209.0231661328535,351.82681996630123
2026-05-13 12:00:00,209.0231661328535,208.95895844452946,207.32591380337496,207.74182038948825,526.7085984981385
2026-05-13 13:00:00,207.74182038948825,207.46349590622498,207.01224788632652,207.25508568868815,489.0038423894629
2026-05-13 14:00:00,207.25508568868815,207.05468000062237,206.27160397762412,206.8738638192176,484.8125014960071
2026-05-13 15:00:00,206.8738638192176,207.93661473146656,207.00848465345823,207.12638568587633,1213.7025028425548
2026-05-13 16:00:00,207.12638568587633,206.88740397453233,205.30490983609053,205.89137932207333,515.7665340213817
2026-05-13 17:00:00,205.89137932207333,207.00763466909206,205.99519118760134,206.65664274135446,634.2068217441499
2026-05-13 18:00:00,206.65664274135446,209.23177081041246,209.07428942364294,209.21897577374466,356.79849279190455
2026-05-13 19:00:00,209.21897577374466,207.19728779924478,206.69793575639505,206.89172639469606,271.1941677371717
2026-05-13 20:00:00,206.89172639469606,205.3658335733932,203.58037971040343,204.91317406246856,355.7659348748594
2026-05-13 21:00:00,204.91317406246856,205.2688564888408,203.6547897941572,204.06927112444316,536.3484636243663
2026-05-13 22:00:00,204.06927112444316,203.39838698102508,202.97082936779108,203.30894898430222,474.7228413924446
2026-05-13 23:00:00,203.30894898430222,208.3471516721595,206.4241512056529,206.78791404732223,474.0441914419572
2026-05-14 00:00:00,206.78791404732223,209.2525193112196,208.01168255382163,208.55196161851222,370.2810253371539
2026-05-14 01:00:00,208.55196161851222,210.8921804741564,209.50671981361782,210.2284857400644,347.40072907796065
2026-05-14 02:00:00,210.2284857400644,209.80560616480807,209.43697423883967,209.7524148312888,375.4243935826234
2026-05-14 03:00:00,209.7524148312888,209.52983302623096,208.80067347859003,209.23838377860503,539.0402158358863
2026-05-14 04:00:00,209.23838377860503,207.2236063099775,205.38748420553608,206.6682184989655,564.6979414403729
2026-05-14 05:00:00,206.6682184989655,208.30642021976823,207.46585993064295,208.04189759190916,269.752086792255
2026-05-14 06:00:00,208.04189759190916,211.27134226559846,208.6715252346867,208.90789358720085,547.2671222808716
2026-05-14 07:00:00,208.90789358720085,213.94899081628253,210.06345377937686,211.1997634679044,310.9746842366054
2026-05-14 08:00:00,211.1997634679044,211.95746206226673,210.32068472057824,210.81740492660742,486.6614275832462
2026-05-14 09:00:00,210.81740492660742,211.66021583023516,208.23302233308232,210.55928587531895,373.6104596987122
2026-05-14 10:00:00,210.55928587531895,212.5509753884488,210.28492182635003,210.85962834388448,754.6963022845393
2026-05-14 11:00:00,210.85962834388448,212.475835211562,211.9560220267485,212.46000799153907,341.3028302402374
2026-05-14 12:00:00,212.46000799153907,210.96992816408505,209.41323347041808,209.81725554612598,433.3062428632732
2026-05-14 13:00:00,209.81725554612598,211.50635822775988,211.11718124250697,211.12986483781498,514.2128388045973
2026-05-14 14:00:00,211.12986483781498,211.0991140561045,210.91599940512,211.0888648071955,284.4098864908251
2026-05-14 15:00:00,211.0888648071955,210.08906669835858,209.10284075933984,209.19373582327464,391.8414046021203
2026-05-14 16:00:00,209.19373582327464,206.955470313528,205.4959511912231,205.5155375022336,362.6238409468926
2026-05-14 17:00:00,205.5155375022336,207.22693359556763,204.10029311091918,205.27316674143574,328.4795576582857
2026-05-14 18:00:00,205.27316674143574,208.23303289241642,207.79325392762868,207.810617709024,338.36012924369527
2026-05-14 19:00:00,207.810617709024,210.79543539171956,209.8132373580287,210.7857032211481,629.4244555757075
2026-05-14 20:00:00,210.7857032211481,212.58272585833578,210.57462239090697,211.41915734199299,317.532351012849
2026-05-14 21:00:00,211.41915734199299,216.38312841941786,214.36084125783321,214.9702698436219,506.01340097072904
2026-05-14 22:00:00,214.9702698436219,214.95721126195966,213.255853500695,214.88752239047895,457.5279614687625
2026-05-14 23:00:00,214.88752239047895,216.89774340017968,215.60344863457536,216.63151438366216,230.72071513928506
2026-05-15 00:00:00,216.63151438366216,216.23921223054435,215.37794759374108,215.79790769386136,496.54185268497196
2026-05-15 01:00:00,215.79790769386136,215.38657738567912,214.19820764691963,214.85175250470058,229.1999384039608
2026-05-15 02:00:00,214.85175250470058,213.74708372063662,212.73081975577898,213.6137418605395,518.6538636395949
2026-05-15 03:00:00,213.6137418605395,211.18757353380224,208.8436012788462,209.90078013522748,329.3507666160289
2026-05-15 04:00:00,209.90078013522748,213.18593267400678,210.4230650721653,212.20551760040047,404.7812919240265
2026-05-15 05:00:00,212.20551760040047,211.14075586836336,210.188738217783,211.04710436480792,240.39610975569136
2026-05-15 06:00:00,211.04710436480792,210.6424061903961,208.58909568425273,209.61009665867206,423.6691861861781
2026-05-15 07:00:00,209.61009665867206,207.69150436937588,207.4096763113232,207.51411533634638,584.513669438233
2026-05-15 08:00:00,207.51411533634638,207.2697301323721,206.7799535849065,207.1498217144554,292.1343586465206
2026-05-15 09:00:00,207.1498217144554,211.35752136760968,210.23405371842037,210.27411572296873,316.4398466497955
2026-05-15 10:00:00,210.27411572296873,214.73675400298302,212.86201013035824,214.04560777003246,483.88554884604355
2026-05-15 11:00:00,214.04560777003246,211.82641739421715,211.0285192087679,211.0408558369559,488.7481516288043
2026-05-15 12:00:00,211.0408558369559,210.83674160062677,209.4335844615346,210.40177903671815,152.37251521601766
2026-05-15 13:00:00,210.40177903671815,208.556783234039,208.205348543439,208.55585504768644,903.3974002828801
2026-05-15 14:00:00,208.55585504768644,210.41943245787107,209.48402641626143,210.31107960485087,498.4091835761385
2026-05-15 15:00:00,210.31107960485087,212.34845091095494,210.59206415203536,210.8198149854978,533.1311558887654
2026-05-15 16:00:00,210.8198149854978,209.88366816077547,208.3571810380348,209.67798979366597,380.9178828560845
2026-05-15 17:00:00,209.67798979366597,210.5122556656731,209.04393701214974,209.80317790077783,192.06975178086637
2026-05-15 18:00:00,209.80317790077783,209.28530780243142,208.94302568196943,208.94933051658484,528.4186274068808
2026-05-15 19:00:00,208.94933051658484,212.03418905197714,211.34374482903982,211.8318663275753,321.79824753003686
2026-05-15 20:00:00,211.8318663275753,212.96163245225142,212.13940141247846,212.81474224439305,501.4844889809568
2026-05-15 21:00:00,212.81474224439305,214.14015278448815,213.8734852835707,214.02557807832696,369.6215232209448
2026-05-15 22:00:00,214.02557807832696,210.14060640958598,208.18775906027747,209.22426878662958,443.7297702788919
2026-05-15 23:00:00,209.22426878662958,209.1336431194925,207.45923017826502,209.10134302058503,295.8940489279619
2026-05-16 00:00:00,209.10134302058503,213.73185897956904,212.81704396851958,212.83268113300636,570.0679573092236
2026-05-16 01:00:00,212.83268113300636,216.20260791717632,215.16657004686368,215.24101914287627,250.79813793182043
2026-05-16 02:00:00,215.24101914287627,212.2210544088055,211.5190313626289,211.88383111473928,990.5177340678536
2026-05-16 03:00:00,211.88383111473928,212.55670482118532,210.25615382159347,211.31587215129753,987.5029202586019
2026-05-16 04:00:00,211.31587215129753,210.00136151159685,208.69793043045965,209.1645207673302,775.1680419612708
2026-05-16 05:00:00,209.1645207673302,212.3079747580505,210.83116974004227,212.2246718249703,671.9551480414975
2026-05-16 06:00:00,212.2246718249703,213.4299525320941,212.04813563146325,212.6615323154533,390.0132280816432
2026-05-16 07:00:00,212.6615323154533,211.3567874738209,210.0826110581885,211.27394087678505,643.3048272653565
2026-05-16 08:00:00,211.27394087678505,212.4120869170083,210.58367958024928,211.33106492757446,388.20338898318363
2026-05-16 09:00:00,211.33106492757446,207.60268042576286,206.47078402151206,206.69480326467482,216.71713613456475
2026-05-16 10:00:00,206.69480326467482,206.06415371542798,203.59805295552377,204.79329509876223,736.0371298427162
2026-05-16 11:00:00,204.79329509876223,205.78141033254786,204.20147072479378,204.85264699262362,633.670932112305
2026-05-16 12:00:00,204.85264699262362,207.51658739721034,206.0925869488445,206.3263556992789,398.40311997320595
2026-05-16 13:00:00,206.3263556992789,203.5779351219038,202.80250638359846,202.94560675749324,247.13291197605903
2026-05-16 14:00:00,202.94560675749324,202.68593692507974,202.00199938514524,202.2851177088686,319.1048491073159
2026-05-16 15:00:00,202.2851177088686,204.74974643040204,203.3032528061272,204.02458571476058,194.7159375611992
2026-05-16 16:00:00,204.02458571476058,202.16940227754327,201.51503718350466,201.5188955707648,588.7680723804974
2026-05-16 17:00:00,201.5188955707648,202.7882990758846,201.64307186070587,201.90780970599076,212.44357278225837
2026-05-16 18:00:00,201.90780970599076,202.05070761660156,200.56864500474836,202.01702760179856,452.47492537047
2026-05-16 19:00:00,202.01702760179856,205.024362691362,204.8133929694134,204.97832085716584,287.8739356553395
2026-05-16 20:00:00,204.97832085716584,206.59753381776162,204.31016278989517,204.5736513591259,227.99384249758322
2026-05-16 21:00:00,204.5736513591259,204.81869709971534,203.37887047440952,204.27139123447364,443.78581052642335
2026-05-16 22:00:00,204.27139123447364,206.2756310778834,204.1442021098847,205.75715554301507,353.00430272271
2026-05-16 23:00:00,205.75715554301507,204.0387406855368,203.11654683766002,203.44641497365828,564.124878161978
2026-05-17 00:00:00,203.44641497365828,204.90600193441756,202.64498176693166,203.0607399513994,242.97483845058863
2026-05-17 01:00:00,203.0607399513994,203.67255107172915,201.44629796718144,202.27162721064946,297.994235336668
2026-05-17 02:00:00,202.27162721064946,202.7522695255039,201.9915051536522,202.02889523117676,155.2354686265155
2026-05-17 03:00:00,202.02889523117676,203.69188731646463,201.9337153885515,203.487013614909,168.38639808323887
2026-05-17 04:00:00,203.487013614909,204.8060873330072,203.86829763912485,204.4436853523428,828.2184631689623
2026-05-17 05:00:00,204.4436853523428,203.43000248782337,202.78854611270685,203.14271481676653,928.3782972693022
2026-05-17 06:00:00,203.14271481676653,204.5021288032973,203.16767744927535,203.37482476729605,418.6731241179023
2026-05-17 07:00:00,203.37482476729605,207.1925470555115,205.6536682491046,205.9636007183437,290.1704455599951
2026-05-17 08:00:00,205.9636007183437,205.74565706245306,203.7622207350001,204.50917688009082,358.0313061071023
2026-05-17 09:00:00,204.50917688009082,204.93181405735209,203.5982801768029,204.75758491903744,572.166298629107
2026-05-17 10:00:00,204.75758491903744,205.32617910313095,203.7019816288237,204.41758789374978,328.4039455831732
2026-05-17 11:00:00,204.41758789374978,204.33026602428697,203.90838472636338,204.30405674702624,443.65780100403305
2026-05-17 12:00:00,204.30405674702624,202.32646474745943,200.4381433487972,201.48778690387724,401.3755729222096
2026-05-17 13:00:00,201.48778690387724,205.0832019112896,202.00608520729762,203.91439081804694,321.3320242318471
2026-05-17 14:00:00,203.91439081804694,202.7705979937657,201.38925569528263,202.5725839850869,326.8570441982304
2026-05-17 15:00:00,202.5725839850869,205.00043159507348,204.22128202638672,204.3429834548634,453.6510765392954
2026-05-17 16:00:00,204.3429834548634,203.4397768641656,201.63507009247263,203.26248479212697,272.9380224572561
2026-05-17 17:00:00,203.26248479212697,203.38482666373363,199.6013177449487,202.1806051389754,483.3261759460618
2026-05-17 18:00:00,202.1806051389754,204.9779425676056,202.94435402587553,204.2721003676018,334.07596797476253
2026-05-17 19:00:00,204.2721003676018,206.10214893024542,205.98373315530614,206.00098483907476,424.5148221465635
2026-05-17 20:00:00,206.00098483907476,206.52905177669527,206.30476222798296,206.3625575003531,701.7554815488556
2026-05-17 21:00:00,206.3625575003531,208.96991342195233,207.13891600454073,207.69785207799262,377.1802469869745
2026-05-17 22:00:00,207.69785207799262,207.57040696058618,206.70106914334255,207.18491231732804,582.8452630288298
2026-05-17 23:00:00,207.18491231732804,207.8050828905964,206.1904529353955,207.16603348643042,196.99667642300676
2026-05-18 00:00:00,207.16603348643042,206.47968883243718,205.6384641472921,206.00012149298436,334.2384948322646
2026-05-18 01:00:00,206.00012149298436,207.7549404038079,207.55543418854876,207.58508641437882,407.9217833010429
2026-05-18 02:00:00,207.58508641437882,206.44082785223793,206.15865281248895,206.36104850520613,870.7302885646691
2026-05-18 03:00:00,206.36104850520613,209.7162390117146,208.27754457709574,208.97844783634577,184.19945529835041
2026-05-18 04:00:00,208.97844783634577,210.20597742749578,207.6155453380254,208.4140103562675,388.19820827013234
2026-05-18 05:00:00,208.4140103562675,208.94310076752012,207.8956828023078,208.44617587055555,722.4697426080793
2026-05-18 06:00:00,208.44617587055555,210.11145704249594,209.01518394981716,209.79063281200854,294.7100046895072
2026-05-18 07:00:00,209.79063281200854,209.95050753905952,209.3453057987355,209.82899602875207,370.5040870427174
2026-05-18 08:00:00,209.82899602875207,210.36115280229816,208.3380784625997,209.29414894184396,460.6762847328261
2026-05-18 09:00:00,209.29414894184396,210.97548618551414,209.11846930210507,209.23655926191088,434.3294821308031
2026-05-18 10:00:00,209.23655926191088,211.50843992869335,210.20576476303836,210.82806224126188,754.6908462169081
2026-05-18 11:00:00,210.82806224126188,210.87113336625364,208.8142210776491,209.6393527525274,482.69719135201666
2026-05-18 12:00:00,209.6393527525274,210.09276354194142,207.50330584996215,209.41033906768382,686.158848297546
2026-05-18 13:00:00,209.41033906768382,210.94636419401877,209.23783272771965,209.4244615870955,349.3228817378819
2026-05-18 14:00:00,209.4244615870955,212.62444373624598,209.85870180301342,210.96496631911157,300.0022082612314
2026-05-18 15:00:00,210.96496631911157,211.63385888771043,209.85364162663424,210.78178364992993,368.5995125476198
2026-05-18 16:00:00,210.78178364992993,214.68494003187678,213.49142173096604,214.0423601187294,253.75234270616843
2026-05-18 17:00:00,214.0423601187294,213.93991799215817,213.72927847889142,213.75347436049896,489.5098960833768
2026-05-18 18:00:00,213.75347436049896,212.92040451836567,211.7226186937003,212.88300449894564,345.7267609710833
2026-05-18 19:00:00,212.88300449894564,212.56120553778428,212.071569547447,212.25644589500126,308.36509057777727
2026-05-18 20:00:00,212.25644589500126,208.0980014634482,206.99764846906533,207.55000317474048,492.48468508198016
2026-05-18 21:00:00,207.55000317474048,204.54024143851015,203.56679876512194,203.91595698605522,255.318985978828
2026-05-18 22:00:00,203.91595698605522,202.24067893110595,201.4325232142829,202.07655207430864,549.0562446549156
2026-05-18 23:00:00,202.07655207430864,208.0701771087848,205.75678116063003,206.00814435363145,333.17405616242837
2026-05-19 00:00:00,206.00814435363145,207.3916446478497,205.4182222784623,205.88392944497824,641.3905653182366
2026-05-19 01:00:00,205.88392944497824,204.37778893474743,204.08276857316883,204.18646275288023,344.77946084771094
2026-05-19 02:00:00,204.18646275288023,208.8839939415952,206.82841896103318,208.48033081037687,519.4465233881726
2026-05-19 03:00:00,208.48033081037687,215.3686457191316,213.3637937492503,214.04252525112412,433.47102291911534
2026-05-19 04:00:00,214.04252525112412,218.9299130019189,217.2389340760143,218.6508604733321,543.2451815836022
2026-05-19 05:00:00,218.6508604733321,216.8169350948039,215.27061024838451,215.4941328220903,421.5670151511986
2026-05-19 06:00:00,215.4941328220903,214.80657367081594,213.22182736442824,213.67890765879466,207.39828673110938
2026-05-19 07:00:00,213.67890765879466,222.6064165760938,220.12092295741397,220.36118936042232,603.9657045019677
2026-05-19 08:00:00,220.36118936042232,222.27979421111127,220.517104671396,221.25753608424014,389.5245259146379
2026-05-19 09:00:00,221.25753608424014,220.44018762885662,220.0133012346809,220.2443660299558,553.2480370784385
2026-05-19 10:00:00,220.2443660299558,224.29180830539525,222.49610942480876,222.9415434153,531.7101929128457
2026-05-19 11:00:00,222.9415434153,227.90937890385345,225.68596273913266,226.78301609119868,296.0953135107601
2026-05-19 12:00:00,226.78301609119868,224.85705809089347,223.87343221503977,224.58158334847258,279.80189584686326
2026-05-19 13:00:00,224.58158334847258,226.79552115892062,224.62825711843308,225.41192827516835,524.3408975198874
2026-05-19 14:00:00,225.41192827516835,230.79842973216103,228.05802276112001,228.9814605219701,357.34453064637603
2026-05-19 15:00:00,228.9814605219701,225.03484875894347,223.9196608710086,224.50010174206682,586.7340858281153
2026-05-19 16:00:00,224.50010174206682,225.04609050800497,223.41279069320925,224.53824143697312,375.67320237801266
2026-05-19 17:00:00,224.53824143697312,222.15954415545937,219.85351445118718,220.3156760576005,607.5071295188366
2026-05-19 18:00:00,220.3156760576005,218.1113194396781,216.05203812388515,216.6537680999059,477.86190720100933
2026-05-19 19:00:00,216.6537680999059,216.04905281622231,214.11518108811384,214.5811179812627,452.68204765187414
2026-05-19 20:00:00,214.5811179812627,216.83437206019906,216.11409673912067,216.3200169973622,347.371745959511
2026-05-19 21:00:00,216.3200169973622,215.53913082801304,212.9167347743008,215.1304281479008,442.73484446717293
2026-05-19 22:00:00,215.1304281479008,213.86852508495969,212.49053018569202,212.76353370577223,650.1096792618627
2026-05-19 23:00:00,212.76353370577223,213.926077350009,212.85913286719003,212.94156943926137,394.77414499011115
2026-05-20 00:00:00,212.94156943926137,209.1795430641642,208.45750523699564,208.82142059735224,498.93198181545586
2026-05-20 01:00:00,208.82142059735224,211.3351719990023,208.7708630933644,210.34080464157196,410.9797858746089
2026-05-20 02:00:00,210.34080464157196,215.09159032615236,213.3576667532436,214.41698978791405,424.0458631115486
2026-05-20 03:00:00,214.41698978791405,214.72321882291666,213.6070489807079,214.11991333470237,803.8111092038328
2026-05-20 04:00:00,214.11991333470237,214.4750292885815,212.5544191177004,213.37499717775873,652.4222744050712
2026-05-20 05:00:00,213.37499717775873,215.20699460540567,214.21083206621788,214.72532514549636,416.44796760274903
2026-05-20 06:00:00,214.72532514549636,207.7355042694133,206.5293498912453,207.43865839486153,439.56325653438466
2026-05-20 07:00:00,207.43865839486153,209.57876341229934,208.01706569065496,209.33201301659318,304.6768779828941
2026-05-20 08:00:00,209.33201301659318,220.69000215671386,220.0007194195099,220.65792003910252,376.45984248841114
2026-05-20 09:00:00,220.65792003910252,220.84092507014824,219.51281657953243,220.1894106496241,456.5778010694348
2026-05-20 10:00:00,220.1894106496241,220.74600679046733,218.65454820699782,219.73516106939923,566.9354405763353
2026-05-20 11:00:00,219.73516106939923,222.81489605966064,221.28625744978447,222.52163367234948,544.4022255047023
2026-05-20 12:00:00,222.52163367234948,229.83992932186848,227.73423843556583,228.82441946172915,258.8623304297137
2026-05-20 13:00:00,228.82441946172915,232.71459412800635,232.53457216615968,232.6393582023644,596.3293363813208
2026-05-20 14:00:00,232.6393582023644,224.70813481271773,222.92893072729714,224.2595572246202,389.35461235540606
2026-05-20 15:00:00,224.2595572246202,227.81429254381595,225.1514092749452,226.40872846736383,271.83722719323146
2026-05-20 16:00:00,226.40872846736383,237.41333490282327,236.34657670444253,236.51809375189984,688.5265606419038
2026-05-20 17:00:00,236.51809375189984,239.75512542081296,238.46648905954075,239.024536334844,724.3767273475286
2026-05-20 18:00:00,239.024536334844,234.576281937246,232.31125293998224,234.36927660910268,448.3162026504688
2026-05-20 19:00:00,234.36927660910268,236.247091439219,235.16386755550414,235.48543872781923,535.6695398257569
2026-05-20 20:00:00,235.48543872781923,231.0970643580434,228.82004813915066,230.40471590908447,548.386145293007
2026-05-20 21:00:00,230.40471590908447,236.88000679722373,235.05751244795692,235.27500398564854,705.0783004582834
2026-05-20 22:00:00,235.27500398564854,233.0274884848141,230.0079717893168,231.4734211965015,539.815497658491
2026-05-20 23:00:00,231.4734211965015,232.08535629329197,231.11719970910616,231.75648747609725,237.2049864473299
2026-05-21 00:00:00,231.75648747609725,228.5628399736933,227.3398646078779,228.3923395154535,901.3765542886985
2026-05-21 01:00:00,228.3923395154535,227.67029898022767,225.98998705905956,226.27143546213702,617.8605321102731
2026-05-21 02:00:00,226.27143546213702,232.65001550364522,231.924707255365,232.0516280125381,329.0436174753546
2026-05-21 03:00:00,232.0516280125381,232.84701235383648,231.50981338202158,232.45081476484575,267.2407589626135
2026-05-21 04:00:00,232.45081476484575,230.62714880017495,229.29325033906454,230.24229505683,493.69868029072194
2026-05-21 05:00:00,230.24229505683,225.939807149633,224.348125492053,225.79405791978525,360.93431347834183
2026-05-21 06:00:00,225.79405791978525,219.3288441874791,217.8053941821807,218.71388411576876,460.3550969616047
2026-05-21 07:00:00,218.71388411576876,215.4467548769907,213.12071676774804,214.10202198203228,543.1376226387042
2026-05-21 08:00:00,214.10202198203228,214.94639402128897,214.10341907050255,214.50133170348062,321.6368920467216
2026-05-21 09:00:00,214.50133170348062,218.84512403753567,218.07323521694667,218.0970006259654,258.1541282647055
2026-05-21 10:00:00,218.0970006259654,216.10740698433887,215.50481468991063,216.0206371440264,470.750103382139
2026-05-21 11:00:00,216.0206371440264,221.9739678190102,221.29265829574695,221.8570347179171,325.91768773966237
2026-05-21 12:00:00,221.8570347179171,220.29002318891287,218.62964263978614,219.158602381221,427.70697116481483
2026-05-21 13:00:00,219.158602381221,218.8218340704067,216.36658274320783,218.26490381473388,235.72583773592754
2026-05-21 14:00:00,218.26490381473388,214.98592465709606,213.88664346587734,214.28709384409925,364.71889647017423
2026-05-21 15:00:00,214.28709384409925,217.95693363587466,215.63193535871247,217.9181700201036,536.9906895248441
2026-05-21 16:00:00,217.9181700201036,227.25130045733596,225.60208063389993,225.81979317775085,514.0769708908009
2026-05-21 17:00:00,225.81979317775085,220.35011459679362,218.3521831934968,219.14780646829658,294.3168216125624
2026-05-21 18:00:00,219.14780646829658,218.03562659772504,217.27707964881188,217.85324812711795,252.82416630702983
2026-05-21 19:00:00,217.85324812711795,222.82729289920317,221.35093726582286,222.57918362962272,405.9806408789487
2026-05-21 20:00:00,222.57918362962272,217.62983315583372,216.08273685575952,217.1622664837036,504.9266235451766
2026-05-21 21:00:00,217.1622664837036,219.4238156657819,218.61393593141057,219.2556657297598,474.40911254939704
2026-05-21 22:00:00,219.2556657297598,225.44572138276897,223.6700039503386,223.8471604914548,328.69690418166766
2026-05-21 23:00:00,223.8471604914548,224.210833869179,222.20050938262338,224.13608497071178,454.46903295990217
2026-05-22 00:00:00,224.13608497071178,226.62356989836104,226.22083314828518,226.23354751830436,735.7881138648746
2026-05-22 01:00:00,226.23354751830436,233.55431468501178,232.79046353266799,233.0989874874212,437.9294721505526
2026-05-22 02:00:00,233.0989874874212,242.1817824747127,240.64981371923568,240.93964194655632,209.92300605846373
2026-05-22 03:00:00,240.93964194655632,241.245622347017,240.1389948797212,240.67633225607614,437.58900943439494
2026-05-22 04:00:00,240.67633225607614,239.32957492822908,238.27162578518355,238.49839666066754,913.7735544220747
2026-05-22 05:00:00,238.49839666066754,235.8837735150976,234.247498306257,234.7879874384268,241.0594719812028
2026-05-22 06:00:00,234.7879874384268,240.02215895702662,236.7461495363796,238.71045123883292,408.25413676964104
2026-05-22 07:00:00,238.71045123883292,233.3248671063306,233.066533776112,233.19875877747674,368.50925505185324
2026-05-22 08:00:00,233.19875877747674,233.32536937536932,231.24981517926003,232.1903183873847,419.2021172601255
2026-05-22 09:00:00,232.1903183873847,234.714191712625,232.0150215120428,232.5867094462513,436.02555815891435
2026-05-22 10:00:00,232.5867094462513,232.57508203262208,230.12754591631017,230.59710571255124,636.502785602332
2026-05-22 11:00:00,230.59710571255124,232.10615501589828,230.2917811936719,231.68738884427324,417.34504035207425
2026-05-22 12:00:00,231.68738884427324,242.1470541080906,241.96279119622147,242.0019363463963,672.4339041707208
2026-05-22 13:00:00,242.0019363463963,242.0790356186675,240.92387184335368,241.49253255570554,384.8823628218319
2026-05-22 14:00:00,241.49253255570554,240.44177303467086,238.2305011675605,239.70204091362115,350.70495657071586
2026-05-22 15:00:00,239.70204091362115,244.14947170092566,243.6111427658831,243.86561048724866,308.6866876848853
2026-05-22 16:00:00,243.86561048724866,245.88898277465134,244.7887481561995,244.85108730059756,195.03230048358478
2026-05-22 17:00:00,244.85108730059756,251.45965211480234,249.5953523114454,250.9061404906134,450.47949718530384
2026-05-22 18:00:00,250.9061404906134,253.4824264668811,251.02160871155738,251.59951985711143,917.4518650472608
2026-05-22 19:00:00,251.59951985711143,251.08533305076023,250.27190188192228,250.52918530222803,484.58564758751027
2026-05-22 20:00:00,250.52918530222803,245.06589507533508,241.942956648856,243.03661204256886,530.9665058008821
2026-05-22 21:00:00,243.03661204256886,237.3317330409607,236.3338416963746,236.42631834184493,341.99204275518287
2026-05-22 22:00:00,236.42631834184493,230.911580913878,228.07306000311482,229.15296071643405,365.8658160960801
2026-05-22 23:00:00,229.15296071643405,219.2967412832659,214.53782439712037,216.88987392767297,4785.271954236254
2026-05-23 00:00:00,216.88987392767297,212.433601985754,210.94489369927507,211.91632219838857,900.9749512035373
2026-05-23 01:00:00,211.91632219838857,217.8555553091765,216.42007099905305,216.47959755141844,731.559951704132
2026-05-23 02:00:00,216.47959755141844,216.60693738674408,216.26315703596126,216.58227470109807,556.7397256931927
2026-05-23 03:00:00,216.58227470109807,216.6490612187426,215.4311346376987,215.67643950155716,409.1411603208797
2026-05-23 04:00:00,215.67643950155716,213.21809156227516,212.42458834364308,212.5960280643865,438.7314811599913
2026-05-23 05:00:00,212.5960280643865,215.41966721608142,214.6795909158189,214.84829658207354,298.44840556916904
2026-05-23 06:00:00,214.84829658207354,212.14949688348725,211.7098615301876,211.92145671935515,226.04475066869884
2026-05-23 07:00:00,211.92145671935515,209.79117664941896,207.4043545559725,208.39270256484326,257.05258038226015
2026-05-23 08:00:00,208.39270256484326,213.03337539294193,210.6937796699288,212.63694788685956,411.54567643896576
2026-05-23 09:00:00,212.63694788685956,214.76505582818402,213.7141559764358,213.91415745663156,358.95717634617023
2026-05-23 10:00:00,213.91415745663156,215.01252661178,212.5125022260097,213.05300848750136,224.12934497123914
2026-05-23 11:00:00,213.05300848750136,215.45864302264127,215.073982715114,215.38031267289244,397.45059949852515
2026-05-23 12:00:00,215.38031267289244,215.7802497271663,215.07962750930048,215.40440255108535,355.1811248522851
2026-05-23 13:00:00,215.40440255108535,217.00889404216304,216.38320124411095,216.8028525564044,252.3609636091651
2026-05-23 14:00:00,216.8028525564044,214.67786671605825,212.39619589181206,213.80449286084468,347.9046318302119
2026-05-23 15:00:00,213.80449286084468,221.79924571682025,221.30368888726832,221.4548628005987,354.82290282302023
2026-05-23 16:00:00,221.4548628005987,219.32015851469032,218.89539542707143,219.27469296041352,315.2434331540259
2026-05-23 17:00:00,219.27469296041352,226.27366677444456,224.02241449691604,225.1433987884036,584.448148381521
2026-05-23 18:00:00,225.1433987884036,226.58600626922038,223.27134011584994,224.4126975976609,188.45125422363768
2026-05-23 19:00:00,224.4126975976609,228.07374409522762,226.94586728698826,227.50390604532953,182.30487149133796
2026-05-23 20:00:00,227.50390604532953,230.67901801494153,229.47257571851497,230.35214589880124,403.9593741134574
2026-05-23 21:00:00,230.35214589880124,235.7885765603057,233.43789386872757,234.87787236524025,419.2430719734663
2026-05-23 22:00:00,234.87787236524025,231.8671028525055,230.6804119976402,231.53593400697034,474.2269736312471
2026-05-23 23:00:00,231.53593400697034,237.02935497772768,235.23576143552808,235.79926847674486,325.19031536779227
2026-05-24 00:00:00,235.79926847674486,244.38308168784815,242.30533681440647,243.30854325738656,279.451981935553
2026-05-24 01:00:00,243.30854325738656,242.37028212548745,242.08075463356076,242.23118561939359,402.24990388218424
2026-05-24 02:00:00,242.23118561939359,243.266506205049,240.94626750176377,242.36445017703645,338.1091410448565
2026-05-24 03:00:00,242.36445017703645,241.09390205062968,238.81506535861297,240.20770650498054,750.2665638585805
2026-05-24 04:00:00,240.20770650498054,238.8762978016265,237.91509994596058,238.78762929279168,354.35849556288514
2026-05-24 05:00:00,238.78762929279168,246.55128552638814,244.51015371667987,245.82717886988257,394.9368739374728
2026-05-24 06:00:00,245.82717886988257,242.30878504326145,241.25374769263343,241.65637454323456,1085.9030846296455
2026-05-24 07:00:00,241.65637454323456,238.65412046644002,237.69174743696038,237.80731792119113,373.19307359712525
2026-05-24 08:00:00,237.80731792119113,244.44374021020494,244.0082348704883,244.39996232155067,503.94278816362925
2026-05-24 09:00:00,244.39996232155067,248.09700411902745,246.50373605300317,246.99877975938992,522.4471201979285
2026-05-24 10:00:00,246.99877975938992,257.8878606557174,255.03829133137089,256.05434077449013,540.5356852084994
2026-05-24 11:00:00,256.05434077449013,254.9892233789784,253.03748012305184,254.09093982835014,452.9559617894216
2026-05-24 12:00:00,254.09093982835014,255.21852156996314,253.8531492697437,254.62681765905361,435.9538188909375
2026-05-24 13:00:00,254.62681765905361,252.12643001753577,251.0994829482831,251.7729036081639,419.949185030371
2026-05-24 14:00:00,251.7729036081639,253.70661692272373,249.42709065531517,252.37690500536422,320.41032470784694
2026-05-24 15:00:00,252.37690500536422,246.23133842764182,244.19399306293664,244.86914873243265,459.5315132872821
2026-05-24 16:00:00,244.86914873243265,247.77473926723502,246.63619876696723,247.72721679723116,908.1942931670266
2026-05-24 17:00:00,247.72721679723116,249.26396991016907,248.5887605541288,249.08327241994579,654.7626238310744
2026-05-24 18:00:00,249.08327241994579,249.23131595186635,247.35678205986795,248.829727857174,455.57812139088554
2026-05-24 19:00:00,248.829727857174,248.47575018678407,247.15641669824285,247.1740254854063,568.1195768811232
2026-05-24 20:00:00,247.1740254854063,244.8084566678729,242.40280897728624,243.43301867704983,284.95453365517244
2026-05-24 21:00:00,243.43301867704983,247.05022615635593,246.29231257979868,246.45340441812766,363.50575837507677
2026-05-24 22:00:00,246.45340441812766,242.64484027027328,239.95585801019516,241.58573419903942,589.420551186175
2026-05-24 23:00:00,241.58573419903942,243.88052082270895,242.58750090335627,243.68749534311257,731.3315234436951
2026-05-25 00:00:00,243.68749534311257,252.57198583882,252.41571905311403,252.42453211911305,296.3832946968903
2026-05-25 01:00:00,252.42453211911305,259.3304240085386,258.12943612600725,258.8700469753634,332.4750023045538
2026-05-25 02:00:00,258.8700469753634,252.6899925341963,252.11603403089208,252.32022416404413,965.4075246707014
2026-05-25 03:00:00,252.32022416404413,250.63718251466767,248.79406463507365,250.0183873606486,419.26555412991155
2026-05-25 04:00:00,250.0183873606486,252.4067134520046,251.3436864651964,251.80604467744743,836.5989375789546
2026-05-25 05:00:00,251.80604467744743,252.54489437305804,249.2834504780787,251.49530830512944,438.2295793882797
2026-05-25 06:00:00,251.49530830512944,246.6065714019391,243.35813804093758,245.57304467668754,445.1770699095437
2026-05-25 07:00:00,245.57304467668754,248.40274045462206,246.8807146539885,247.17703195899992,357.0242279689193
2026-05-25 08:00:00,247.17703195899992,247.32049867468749,246.54467245602316,247.12505925363791,588.1735495255415
2026-05-25 09:00:00,247.12505925363791,256.9105926757288,253.99652378393233,255.28946372129587,694.4436491166862
2026-05-25 10:00:00,255.28946372129587,254.30662287578195,252.90016455690323,254.1826658056583,266.66657838503744
2026-05-25 11:00:00,254.1826658056583,259.48401634326746,257.8241127304508,259.26980115776973,350.3805253265818
2026-05-25 12:00:00,259.26980115776973,254.96887458972944,252.3796829529294,253.73456983163234,581.7445359779294
2026-05-25 13:00:00,253.73456983163234,249.71043299057106,249.03848241827933,249.3288136070339,383.0557518926583
2026-05-25 14:00:00,249.3288136070339,253.90819570523948,252.15341810645853,252.3963868055892,331.17462776493744
2026-05-25 15:00:00,252.3963868055892,257.74272704303417,257.0670545038798,257.0792076759183,604.146586607118
2026-05-25 16:00:00,257.0792076759183,253.09720479532479,250.3540507421616,252.91881860103604,627.2726420251298
2026-05-25 17:00:00,252.91881860103604,254.78195677635787,252.80733075126457,253.01224279519985,337.02029925999034
2026-05-25 18:00:00,253.01224279519985,247.49828266684418,246.33821541047013,247.12913952936955,439.1963638781892
2026-05-25 19:00:00,247.12913952936955,246.41828296368772,245.39787151691928,246.35911661265862,248.79022752032165
2026-05-25 20:00:00,246.35911661265862,250.42772054304558,248.82258552939996,249.8792952855827,281.9719606875242
2026-05-25 21:00:00,249.8792952855827,248.44122981623036,247.42061635991425,248.028507194714,423.9714393134398
2026-05-25 22:00:00,248.028507194714,247.81205029286687,246.55571313182045,246.97079676654457,408.5289231228501
2026-05-25 23:00:00,246.97079676654457,243.0565934607904,240.72122414694374,242.2629184181667,274.03328121706727
2026-05-26 00:00:00,242.2629184181667,240.14576540433617,238.9963056100342,239.59775181492645,302.96292252265334
2026-05-26 01:00:00,239.59775181492645,246.87678651773996,246.19670823681076,246.85703631065138,263.48126160988795
2026-05-26 02:00:00,246.85703631065138,247.30878998459698,245.8454214854642,247.153374140257,483.9704943469477
2026-05-26 03:00:00,247.153374140257,243.16496734680655,240.7807339556712,242.96802730876823,183.6339403366482
2026-05-26 04:00:00,242.96802730876823,242.09645673674564,239.9233162561072,241.6616812525959,269.176987184812
2026-05-26 05:00:00,241.6616812525959,235.52918106762118,234.78966625799217,235.17795128987524,191.4876624826235
2026-05-26 06:00:00,235.17795128987524,233.6123665036871,230.41963183183253,231.1488215803615,477.04376707016183
2026-05-26 07:00:00,231.1488215803615,237.32197341493338,236.37371802189753,236.54714387341556,196.15527794232713
2026-05-26 08:00:00,236.54714387341556,236.5249976007384,235.9519935511967,235.96543364616255,408.5816122004975
2026-05-26 09:00:00,235.96543364616255,247.07440850850756,243.4209856688154,243.6633939064277,777.2869648371109
2026-05-26 10:00:00,243.6633939064277,243.69429101391225,242.19663639529293,243.25902604879417,787.9019021951647
2026-05-26 11:00:00,243.25902604879417,244.52632571433267,241.96260464698761,243.10056090020402,195.90639572574682
2026-05-26 12:00:00,243.10056090020402,246.63398904210737,244.66643786978943,245.75384116866272,454.57542009428204
2026-05-26 13:00:00,245.75384116866272,235.73695960810252,233.80652130035048,234.82872071844315,271.6220237862018
2026-05-26 14:00:00,234.82872071844315,236.5492510931761,235.27800215869038,235.63885767832733,250.32137334821851
2026-05-26 15:00:00,235.63885767832733,235.6443758615651,234.2039719034985,235.43328880277141,385.52730409714434
2026-05-26 16:00:00,235.43328880277141,241.89836231439637,241.39722415575127,241.4470657904208,659.3908555936343
2026-05-26 17:00:00,241.4470657904208,247.10799827935762,245.2568990449524,245.42951780429817,512.7885360132317
2026-05-26 18:00:00,245.42951780429817,241.3145728557328,239.9303714614268,240.73507400165778,303.0638861326356
2026-05-26 19:00:00,240.73507400165778,246.87943153181467,244.94972578088286,245.86273867867874,534.8645829973674
2026-05-26 20:00:00,245.86273867867874,245.2114164817242,244.6971078464011,244.75900182852595,164.43521572358952
2026-05-26 21:00:00,244.75900182852595,241.4700534419452,239.9263197594124,241.0148031768888,298.51544711619675
2026-05-26 22:00:00,241.0148031768888,242.4423614765617,241.61361191782999,241.81406655806046,290.16315903114673
2026-05-26 23:00:00,241.81406655806046,242.21070684568005,240.9475315147804,240.97231028176537,416.26758085689715
2026-05-27 00:00:00,240.97231028176537,247.48956386628842,246.75631037021085,247.34792337141982,371.99068533440044
2026-05-27 01:00:00,247.34792337141982,250.67927464236777,248.76696342089434,248.77441366660224,381.2333148179687
2026-05-27 02:00:00,248.77441366660224,250.53804168866327,248.88007268578295,249.6357157663472,376.19671619862135
2026-05-27 03:00:00,249.6357157663472,253.7055236979532,253.03403828638423,253.47715957592118,407.0609369192354
2026-05-27 04:00:00,253.47715957592118,258.49614559123444,257.6512315297971,258.22015530407515,500.72266592391867
2026-05-27 05:00:00,258.22015530407515,261.8251489524296,260.76866382067294,261.67252641084866,428.2608234003978
2026-05-27 06:00:00,261.67252641084866,269.4784373413156,267.18826499926337,268.05299455195785,360.0558914251211
2026-05-27 07:00:00,268.05299455195785,270.93394246584376,270.16277857717864,270.8302667893539,473.7592645206861
2026-05-27 08:00:00,270.8302667893539,271.84769884178274,270.6093239012816,271.59239043506835,561.4088441032704
2026-05-27 09:00:00,271.59239043506835,277.8538074413786,277.2914499443902,277.36332873572303,322.9797551521935
2026-05-27 10:00:00,277.36332873572303,277.3214123573037,275.1339397118865,276.92399116938367,393.95587385374535
2026-05-27 11:00:00,276.92399116938367,277.0945578274882,275.71050034065934,277.0694672937294,642.1119241765216
2026-05-27 12:00:00,277.0694672937294,286.22489931883206,283.4970033248319,285.2868218907118,259.53607988137765
2026-05-27 13:00:00,285.2868218907118,294.07711851933124,292.4826703631469,293.25067137780877,830.377883496287
2026-05-27 14:00:00,293.25067137780877,293.4064759373914,291.4728344767324,293.19818751332514,236.1194946403853
2026-05-27 15:00:00,293.19818751332514,292.62509471471924,289.22486143863097,290.9345743373415,351.3750443756467
2026-05-27 16:00:00,290.9345743373415,300.51994313629507,297.4622347918409,298.2500894639735,275.86841678312874
2026-05-27 17:00:00,298.2500894639735,302.5063678568881,302.31868610641664,302.3240553429432,967.9406745221008
2026-05-27 18:00:00,302.3240553429432,304.04267282824094,303.31856696793415,303.9381887787514,329.85725110372624
2026-05-27 19:00:00,303.9381887787514,302.70755467778696,301.7704332202424,302.267539707289,330.18844515120196
2026-05-27 20:00:00,302.267539707289,304.5955887531032,303.19309300881906,303.96463430379407,347.82535627597065
2026-05-27 21:00:00,303.96463430379407,305.83420004540244,301.7091678824654,303.8403248749488,419.1551438712601
2026-05-27 22:00:00,303.8403248749488,302.185773815278,299.47704558229674,300.4161160965388,353.7616171570643
2026-05-27 23:00:00,300.4161160965388,301.6324362182646,299.3721269829542,301.0638254114726,382.54461161966407
2026-05-28 00:00:00,301.0638254114726,302.5514261801802,301.3901318049638,302.4132609231129,98.32870696884832
2026-05-28 01:00:00,302.4132609231129,301.2681027814524,300.20194476204534,300.477471004294,412.759019346647
2026-05-28 02:00:00,300.477471004294,305.213461069582,302.47398399539867,305.11776479654566,406.3125327609661
2026-05-28 03:00:00,305.11776479654566,312.11636643796874,311.1667955343454,311.8642406026046,611.2020054193397
2026-05-28 04:00:00,311.8642406026046,317.49184925787296,315.8964012743819,317.03628391694303,681.042273135491
2026-05-28 05:00:00,317.03628391694303,316.1298889265346,314.087012353841,315.53827976109324,374.2472874995509
2026-05-28 06:00:00,315.53827976109324,319.9486516946933,318.8978509745818,319.6059947178219,559.1912998942693
2026-05-28 07:00:00,319.6059947178219,320.2948176808063,319.00663629538366,320.0170624128285,259.65984547377565
2026-05-28 08:00:00,320.0170624128285,314.15479222801605,312.3645236239483,313.35183501621725,548.3627042498987
2026-05-28 09:00:00,313.35183501621725,317.7773271405055,316.1689592461881,316.9433439554136,320.8615367380206
2026-05-28 10:00:00,316.9433439554136,318.6778775460488,315.81422162803835,317.718976416652,251.1677425035964
2026-05-28 11:00:00,317.718976416652,333.30634122446133,330.4350758188976,332.02743005217917,374.56469138430765
2026-05-28 12:00:00,332.02743005217917,341.1702580484885,336.6732380698194,340.34206684859777,706.4051776408995
2026-05-28 13:00:00,340.34206684859777,345.24218358715586,343.5962040617209,344.46784347060947,433.72132288634
2026-05-28 14:00:00,344.46784347060947,347.4923025730863,345.53130843328546,345.916232106764,734.0632958842955
2026-05-28 15:00:00,345.916232106764,348.3637510150323,346.62744009381225,346.86647941286304,299.018939583635
2026-05-28 16:00:00,346.86647941286304,342.38889667619713,338.5333465874111,340.9845609603474,613.4755694859023
2026-05-28 17:00:00,340.9845609603474,332.0217268681641,329.49347745859836,331.0384122110992,310.79576277180934
2026-05-28 18:00:00,331.0384122110992,327.89132008503276,325.48862716326295,326.15114626386696,441.4794480139267
2026-05-28 19:00:00,326.15114626386696,326.66388394643167,324.94250193072327,325.873648013609,439.955300273325
2026-05-28 20:00:00,325.873648013609,314.6543839392386,314.245531237142,314.40298529629496,525.6295534262891
2026-05-28 21:00:00,314.40298529629496,312.83440252479517,310.72220020713746,311.49462574653336,445.98987410618207
2026-05-28 22:00:00,311.49462574653336,311.27179054939256,307.1818715629076,310.17376220772644,300.16315741567894
